Time(ms),AccelX,AccelY,AccelZ,GyroX,GyroY,GyroZ,Altitude(m),Temp(C)
0,0.023260867123748738,-0.04420988453925734,36.34129849691337,0,0,0,-2.548001108265403,25
33,-0.020713823012309594,0.04335269274337175,34.312229880495835,0,0,0,3.05981478908702,25
66,0.005611662180333172,-0.06438077440510473,34.048822632097334,0,0,0,6.16346557514238,25
100,0.042194790443142276,-0.00381920590450119,34.16657724786163,0,0,0,12.302533498902147,25
133,0.11132667926891433,-0.1052440818168271,35.24442785260745,0,0,0,14.166913792689092,25
166,-0.02885939601857812,0.0014039060182310997,33.747751691285266,0,0,0,17.672173296829865,25
200,0.06117685913763907,-0.08390484153163454,33.626029805405956,0,0,0,18.450887203072952,25
233,0.0036576886732224154,-0.024024510566704693,35.85773361399542,0,0,0,23.320330815862505,25
267,0.08888908084252409,0.020933620254196143,34.289258834191706,0,0,0,26.29844101271386,25
300,-0.008008738863327845,0.1112292607340004,34.14427609874562,0,0,0,27.82196409156105,25
333,-0.033906483312377195,-0.10704498150326423,35.11585288083293,0,0,0,33.10795965774922,25
367,-0.02692674889601478,0.08846147390686926,35.89029741829063,0,0,0,35.37423507112361,25
400,-0.10326664664007044,0.08982491203260884,35.3949901000385,0,0,0,39.09698130943148,25
434,-0.041856771875444856,-0.06513377460628016,35.23641322827017,0,0,0,42.320327233499654,25
467,0.0207642424063506,-0.09598462156964367,35.668143816819274,0,0,0,48.78463479986471,25
500,-0.0966530298072576,0.06027550109784583,34.7272285169505,0,0,0,50.30167445165695,25
534,0.047998408200973966,-0.25917494914146083,34.48884524712205,0,0,0,51.691113599513535,25
567,0.055783377499124015,0.07728172720994732,36.23024327701965,0,0,0,58.33670064091503,25
601,0.03780338775959918,-0.15347824298961668,33.904408733466,0,0,0,58.517948247490935,25
634,-0.12610642503201,-0.0982023708822696,35.30588096204788,0,0,0,60.62007814489533,25
667,0.041738019628784956,0.09821786819486869,35.17485132021407,0,0,0,64.10181472610093,25
701,-0.23009827954412662,-0.04323678517543753,34.073327114825325,0,0,0,67.99822569841274,25
734,0.1736444307651296,0.014152412416948302,34.17708816538244,0,0,0,71.15846301737125,25
767,-0.02167915192990473,0.009639948641727503,35.52835470424708,0,0,0,74.04918634611269,25
801,0.029970611865819244,-0.03393554537897691,35.419341962709424,0,0,0,79.25733307901503,25
834,-0.15738798702421358,-0.11142843924470261,34.93900147762794,0,0,0,80.37014882744727,25
868,-0.03089548126984735,-0.1283345151847518,35.21971669852876,0,0,0,84.52895411067425,25
901,-0.029197033882470642,-0.03926431177170677,34.632809667970164,0,0,0,86.81149345580386,25
934,0.14677970663869266,0.12547446844292542,34.776922714256955,0,0,0,89.24496648333003,25
968,-0.012925972533225747,-0.19447130075017074,35.142605142110384,0,0,0,90.58312994553113,25
1001,0.03635381149112611,0.04001037361882684,34.878419030641204,0,0,0,98.75278658283837,25
1035,0.02561567973041301,0.04332182981924529,35.74905675644285,0,0,0,100.28418354322709,25
1068,-0.07557098046940033,-0.1648229404131144,34.15246556761518,0,0,0,101.64546450516313,25
1101,-0.044017301952307436,0.0916255402317801,33.28613962096493,0,0,0,103.50353065377242,25
1135,-0.09189665837903493,0.02463091759717169,35.20268777427091,0,0,0,106.68176508659435,25
1168,-0.04095004014527744,0.05084971257042608,34.452295575568314,0,0,0,106.95105365467123,25
1202,0.000357548421938696,-0.03057707195002632,35.085261371024096,0,0,0,115.12604649946937,25
1235,-0.20775698480220672,0.0915791973186135,34.26053675911181,0,0,0,114.30433122910007,25
1268,0.1358844065697691,0.023241489796379345,34.71694145372636,0,0,0,117.80160299023937,25
1302,0.05797022514526157,0.09328637305123216,34.78721740854243,0,0,0,122.00260926838784,25
1335,-0.05944084587944103,0.1266897480984602,33.41156561429151,0,0,0,125.18162890078906,25
1368,0.030570974064539652,0.08079653413315202,34.26124757655496,0,0,0,125.53672835804257,25
1402,-0.11236235064855304,0.12060140984932699,35.80588557295848,0,0,0,129.99683437226713,25
1435,-0.09982727841796078,-0.029887287588636444,35.23170769462626,0,0,0,134.23191851345723,25
1469,-0.09493434097908313,-0.1130646888235291,34.923558301471054,0,0,0,136.5618240050208,25
1502,-0.11971312529794494,0.04360991950901123,34.20210079590352,0,0,0,139.67005886643207,25
1535,-0.046686109932234925,-0.06299179861611871,35.32490815080301,0,0,0,138.9279250811744,25
1569,0.1774917426675082,0.06398402557098444,34.58965593070284,0,0,0,145.61927655347284,25
1602,0.17220130880024562,-0.09267775432637167,34.22780780472848,0,0,0,146.31494734863423,25
1636,0.02414753999979221,0.026947382644831402,33.19870500376997,0,0,0,150.3329092754789,25
1669,0.04501388968105579,0.022977939316236144,34.75583918813679,0,0,0,151.86305554450644,25
1702,0.003907595338076278,0.021816621052934162,35.77885985651093,0,0,0,157.67756044995514,25
1736,-0.08594394916510506,-0.13757023706178084,34.65427109492339,0,0,0,157.9116468421062,25
1769,-0.044426479648824596,-0.11348485681940353,34.653483017989,0,0,0,159.6508145634429,25
1803,-0.14406561257419584,0.20665570968804403,35.86773372876793,0,0,0,164.89487197710565,25
1836,0.0785775228221719,0.11362334286297104,33.337194260802704,0,0,0,164.184020561355,25
1869,0.08340723936134056,0.004924420069781882,34.507287965056925,0,0,0,168.07146371402445,25
1903,0.11920568101056424,-0.12886534207472009,35.5222714359247,0,0,0,172.7268722432064,25
1936,-0.004877952141212813,0.10619337583112498,35.02984093074089,0,0,0,173.9110512865451,25
1969,-0.0581895574323998,-0.02807971236903853,35.995302463402815,0,0,0,178.36960853518477,25
2003,0.10147096976555114,0.07463536856616063,34.170912918803666,0,0,0,180.88162163666954,25
2036,0.004366575812320128,0.0667160486030751,33.549851718052004,0,0,0,183.27972260248205,25
2070,0.01932201828087975,-0.014661224864521606,34.385597090747446,0,0,0,186.42225947707675,25
2103,-0.05976485117474644,0.005590883406908529,34.16570148046378,0,0,0,186.8552272794052,25
2136,0.048346203001443766,0.022197419734867524,34.798770729102394,0,0,0,189.12045220561973,25
2170,-0.08763135373272601,-0.04287056685861868,35.60898468808518,0,0,0,195.1278427837664,25
2203,-0.12427045564223814,0.11282579524480141,33.83175651090317,0,0,0,196.0884277072146,25
2237,-0.05410109634706072,0.02944787073382878,35.68045267713034,0,0,0,198.47048084310927,25
2270,-0.07666375402079978,-0.21009415994483682,34.72301371204483,0,0,0,202.2219421500181,25
2303,-0.04653965254152537,-0.05844318781270527,35.97953733180703,0,0,0,204.44457892785246,25
2337,0.008587785510729704,0.04695369482571938,34.6340795649683,0,0,0,207.79555918334412,25
2370,-0.01100673242995625,0.2409978648414955,34.56567701562171,0,0,0,208.67363326015413,25
2404,-0.0008883508659579065,0.10219585998512326,36.85578759613829,0,0,0,210.50727923760815,25
2437,0.15523598850075834,-0.1194820597995046,36.05403560257011,0,0,0,210.27540620121763,25
2470,0.0429654202352315,-0.022097988534514335,33.48984172302224,0,0,0,217.23922461600327,25
2504,-0.21618914835756176,0.09751695038991953,37.09766075710364,0,0,0,219.63406252073554,25
2537,0.14926669690315747,-0.015041146601255629,34.16553414179616,0,0,0,222.128699440034,25
2570,-0.09749410832722802,-0.009410993027134187,34.58022156169605,0,0,0,225.46949833660108,25
2604,0.06373539930976393,-0.00024171905642300737,35.830183315923804,0,0,0,227.2725135282122,25
2637,-0.07780377125140424,-0.0034150840524487906,35.29666258157433,0,0,0,231.40664700516425,25
2671,-0.14113776684798546,-0.045042187849401484,33.859736909971794,0,0,0,229.97477788524748,25
2704,0.033799332632822705,0.12433050608460966,35.31223279291301,0,0,0,234.4491636224104,25
2737,0.16216588872148835,-0.16113956606289126,34.08253558621935,0,0,0,234.75574821077814,25
2771,-0.08242955540404223,-0.18265763666876703,33.91173453733285,0,0,0,237.93870991362706,25
2804,0.04203565042338939,-0.060372139673914554,36.042697162689855,0,0,0,239.48268267755813,25
2838,0.008138322590692547,0.16049969646076864,34.671657251943756,0,0,0,241.56319320315828,25
2871,-0.09687725058450615,0.15209931698065424,35.17989000333812,0,0,0,246.6865932652635,25
2904,0.08366255931204608,0.03586574428299386,35.31785766979765,0,0,0,244.84469809154655,25
2938,-0.0323001593170123,0.02960099753926873,35.450496743111316,0,0,0,252.4182860868617,25
2971,-0.0008775933879086713,-0.0443737784052318,32.830090454077904,0,0,0,250.82656721653828,25
3005,-0.15758266521551542,0.035939176167719404,8.225588382410296,0,0,0,257.21304786548046,25
3038,0.04576542512161879,-0.01097272039424482,11.309301842044476,0,0,0,258.9546960096944,25
3071,0.061606461526187976,0.09822479916240767,10.136864038763692,0,0,0,258.331660925909,25
3105,0.0994243663360269,-0.041537385261713126,10.058246055503854,0,0,0,262.49303410703357,25
3138,0.22888058590927007,0.012138878327318199,10.920425775173731,0,0,0,261.8685502562996,25
3171,-0.07190606601250987,-0.1372753737900473,9.640782192031283,0,0,0,266.56329011426857,25
3205,-0.02788803865702449,0.06393484153447558,9.803327073586102,0,0,0,270.3624464147191,25
3238,0.08644211637842786,0.11936822059589042,11.081900712984885,0,0,0,272.8175397846149,25
3272,0.0784288242672871,-0.269858671022268,9.474622759132085,0,0,0,271.49309167630196,25
3305,0.15348894792932408,0.02889489877205667,9.00799385643992,0,0,0,272.57293692868546,25
3338,0.048803015244638245,-0.06023418020614677,10.755635708546569,0,0,0,278.6954110718483,25
3372,-0.06566406702729873,0.02207573819605574,9.711211523267242,0,0,0,280.81338505553464,25
3405,-0.0673630901925845,0.18587388156444717,9.55827649624915,0,0,0,283.8425210305379,25
3439,-0.021911084916475528,0.04063869981705811,10.311914755748628,0,0,0,287.1568677947186,25
3472,-0.13548825959814564,-0.24425401813012698,9.36923685827176,0,0,0,285.9489056892974,25
3505,0.1326643368796272,0.05226526617426191,9.526516568450166,0,0,0,290.5671151970009,25
3539,0.07371840928962914,0.020527554002480138,11.64950003180452,0,0,0,290.77487900015956,25
3572,0.03233630567476854,-0.1806688662889631,9.538082076132964,0,0,0,293.3989136879124,25
3606,-0.13182719267718296,0.09373251066649552,9.775453458539321,0,0,0,298.3058532417556,25
3639,-0.003458058201529136,-0.03748635362384868,11.273461932674401,0,0,0,298.00107969624065,25
3672,0.012950988558320288,-0.19100757405429325,10.51556410201169,0,0,0,298.85545601840016,25
3706,-0.1159493733961614,-0.08733228448413474,9.988538142770485,0,0,0,300.7905480031747,25
3739,-0.0508627132081693,0.16181380189023065,12.378639421734306,0,0,0,304.97337867571764,25
3772,0.09389759664242918,-0.21436981086943036,8.503136528762635,0,0,0,309.7084960010575,25
3806,0.0222910130741155,-0.09985997798280326,9.493536624217077,0,0,0,308.27753142983585,25
3839,-0.13737886029197813,-0.050223176416038066,9.97274693001252,0,0,0,310.0478807800063,25
3873,-0.018605298348819087,0.05296011334477274,8.968777541004846,0,0,0,313.7331835050711,25
3906,0.014248731881562263,0.11619045065322758,11.132357110389892,0,0,0,312.6294374787589,25
3939,-0.03425596097335961,0.1619167131444559,10.876441581980213,0,0,0,316.87557370342563,25
3973,0.20316656786734621,0.09042948477021966,10.513781182761226,0,0,0,315.85921645095925,25
4006,-0.07868604770805637,-0.012592260718503832,10.194822576073221,0,0,0,321.30343322412665,25
4040,-0.04403393667647008,0.06579630699135601,9.124151463046362,0,0,0,322.3575551157055,25
4073,-0.09335532863942146,-0.08346562443306912,10.031658179577386,0,0,0,324.6180309510141,25
4106,-0.05340214627480995,0.009883990752304343,9.791755426385263,0,0,0,326.1438992331951,25
4140,-0.002288691310034358,0.014088707385115449,10.21049330445569,0,0,0,328.4417826156833,25
4173,-0.09474515290648479,-0.17794643492965379,8.723546456864195,0,0,0,328.88497896952714,25
4207,0.10711172340168967,-0.10249330321189065,9.288495051111687,0,0,0,336.2853321776987,25
4240,-0.10196388632344185,0.014522783160053357,9.112855320487038,0,0,0,334.05621743714056,25
4273,0.0013830990774163087,0.0507140783133196,9.934265317561906,0,0,0,336.9583305301388,25
4307,0.0038991981801357587,0.14452887498116865,9.212245671929232,0,0,0,338.4612626448016,25
4340,-0.13078084444760996,0.008573888237744787,10.555546553057399,0,0,0,343.3949455167565,25
4373,-0.18892905916454064,0.030237284509194537,9.590536295653198,0,0,0,340.96491845267764,25
4407,0.009811450901805574,0.03366176054349047,10.233531267336181,0,0,0,343.3729679442145,25
4440,0.09586226265986016,-0.11468437766296141,9.82907121047981,0,0,0,344.6951382009966,25
4474,-0.0854632325506107,0.06516868887459347,9.895984060706041,0,0,0,346.7670842146595,25
4507,-0.14034948025370733,-0.04568033555478723,9.817350716176705,0,0,0,345.8121744570185,25
4540,0.14792366787321548,0.29454541369585335,10.815152351963036,0,0,0,353.7568578013291,25
4574,-0.052128454627700105,-0.09065452913073152,10.437817924211231,0,0,0,351.220196858702,25
4607,-0.10633744618613349,-0.02992203603550289,9.623365468742017,0,0,0,353.98860653114605,25
4641,0.11053125685471672,-0.0738690041777227,10.516057065618059,0,0,0,356.79950007404585,25
4674,-0.11100768528418861,0.08357179026423496,10.14655481662082,0,0,0,358.3841502517028,25
4707,0.05815381669319904,-0.05572760840810425,10.66327034530464,0,0,0,360.3328647763745,25
4741,0.03975969759766004,-0.008154191169221869,9.24669823720293,0,0,0,361.6401127136574,25
4774,-0.22262948961970072,-0.0031446820606917045,9.98982337010661,0,0,0,361.57749829833335,25
4808,-0.041036053809166695,-0.022700989372835927,10.359931502534204,0,0,0,365.05518651528115,25
4841,0.034040965410204765,-0.007886696599585514,9.141812946648256,0,0,0,367.3490776678102,25
4874,0.06728691015488689,-0.13465890651559112,9.476232010960011,0,0,0,368.00512642834025,25
4908,-0.07779673228821535,-0.01945080456704176,10.720688082515679,0,0,0,368.1354422701253,25
4941,-0.035880188486380644,-0.17683698232709877,9.017008794090737,0,0,0,372.28785532823457,25
4974,0.1836907253112966,0.041181545246580145,9.625413928090268,0,0,0,375.0057730038892,25
5008,0.14225801068690147,0.2019068347497954,8.690868070773966,0,0,0,375.7890038928406,25
5041,0.14716521913394778,-0.15874787790043468,9.455603296147265,0,0,0,377.137177244323,25
5075,0.10499767070429673,-0.1401054553323053,9.78432746664061,0,0,0,380.09573109712335,25
5108,0.06385165027052357,-0.07694609119918956,8.724037806651623,0,0,0,380.62063834913016,25
5141,0.0068442367366119295,-0.10318538736514374,9.658032710230744,0,0,0,380.73066338734895,25
5175,0.021021505840228466,-0.03843180158888287,10.12072545327766,0,0,0,384.2915802432732,25
5208,0.010052270797767033,0.022970855170518976,8.452665708851528,0,0,0,385.0509346171128,25
5242,-0.19315405184727563,-0.1442013594195675,10.225787977650128,0,0,0,385.6540950380202,25
5275,0.0386019088243984,0.004382348740822392,8.296841916157959,0,0,0,389.1784999560538,25
5308,0.02903605928139121,0.10485031108529537,10.69977176181005,0,0,0,389.4539704097657,25
5342,0.1424085419521302,-0.10673926900725306,9.58335160869048,0,0,0,388.4229985021463,25
5375,0.04559277088533398,0.12986069923667498,8.950152247513135,0,0,0,392.7191622639518,25
5409,-0.021500526430871282,0.15049572827884258,9.91731589443114,0,0,0,392.8693982599346,25
5442,0.05503317403206577,0.0009577052932044308,9.881652532853481,0,0,0,395.74568311080805,25
5475,0.09737580529687911,-0.32138199456808547,10.206820872126947,0,0,0,397.7291327124924,25
5509,-0.04443295988455925,0.015633870917115617,10.171891519995075,0,0,0,400.3746323478291,25
5542,0.13928893907740048,-0.10833783628919627,10.409074817459326,0,0,0,400.6158844300509,25
5575,0.03391791754292827,0.010938206610201881,10.481839616700595,0,0,0,400.5756486023601,25
5609,-0.020783407564735425,0.05517829140697557,10.714266183605147,0,0,0,406.12856539474797,25
5642,-0.029965839766539295,-0.04011527609788174,9.249314511561561,0,0,0,404.7355062299047,25
5676,-0.07994295415434295,-0.03301091308802258,8.605192179088478,0,0,0,406.5906460814473,25
5709,0.06515784776157403,-0.03126974241920533,10.357623227997578,0,0,0,410.658449550854,25
5742,-0.056048140602171885,0.01772065012232216,10.556879003161342,0,0,0,406.9513689992776,25
5776,0.11463512495968067,0.07139714320959138,8.673461057345834,0,0,0,410.91619977290316,25
5809,-0.11140224530727444,-0.05697095437498391,9.907865695417199,0,0,0,413.9584169243682,25
5843,-0.16157098577913487,0.0861142902389945,9.86024741802956,0,0,0,416.1062598902168,25
5876,0.08249915858257678,0.08786056828946327,10.86735347320117,0,0,0,414.441153012961,25
5909,0.06732475646594678,-0.14462441480353683,9.256812885692339,0,0,0,416.2377887380265,25
5943,0.16708932274988497,0.2624250885214151,8.93271143988579,0,0,0,414.8307254858342,25
5976,-0.03967744599882168,-0.006264669284496398,10.339889674465981,0,0,0,420.12419523640625,25
6010,0.09439173267995467,0.06726012367044244,9.145962337409332,0,0,0,421.21379208212466,25
6043,0.05224522589106339,0.08238172727799586,10.422072948898732,0,0,0,422.0010167918697,25
6076,-0.05826478342505109,-0.1851941898110214,9.620171662445285,0,0,0,425.0019723583606,25
6110,-0.20993794314249242,-0.010174200700834577,9.951809829807841,0,0,0,423.48107693832446,25
6143,0.04484627810739728,-0.16404418769805362,9.543253356389199,0,0,0,425.58412648610596,25
6176,-0.15502300833594546,0.23195479614049352,11.431251375042844,0,0,0,426.70881399087483,25
6210,-0.018177624137487546,0.06567501549586259,10.151446797852106,0,0,0,426.05876289612723,25
6243,-0.055032489884090034,0.0609168023119441,10.387697979373842,0,0,0,427.8375202390645,25
6277,-0.02721105241075819,0.03809432459197509,9.02642682060193,0,0,0,429.306968032053,25
6310,0.0440219956665993,-0.23479953334884418,9.46037805872106,0,0,0,430.91981748576904,25
6343,0.01770456657649531,-0.13187473159747548,8.940176350501863,0,0,0,431.97286024558366,25
6377,0.1583566366570123,0.06811486776817037,9.463433460348254,0,0,0,435.8374571532076,25
6410,0.0734304864898047,0.1458703122801223,9.377943994799226,0,0,0,437.7586504616815,25
6444,-0.05502673703979532,0.18529783907910063,8.145611707830696,0,0,0,438.6983590219958,25
6477,-0.018979142491264003,0.062226865698248084,9.326057821933212,0,0,0,439.030359175332,25
6510,-0.01570193442466512,-0.10914106470187523,7.616903206477593,0,0,0,440.05390874589176,25
6544,0.05712091920898547,-0.00030600230660048457,9.208898071760983,0,0,0,438.6087777136351,25
6577,-0.02893566703595198,0.1124756401191651,9.475007461337542,0,0,0,442.8048524491559,25
6611,0.0019957230631078363,-0.06336814022787286,9.374450174339886,0,0,0,439.8292208117177,25
6644,-0.1385321164489518,0.1289292336309461,7.6566803314183245,0,0,0,443.01021160775,25
6677,-0.011525579759760846,0.04704467027066633,10.19546530445987,0,0,0,444.21781422159205,25
6711,0.12977118698111648,-0.20685135979111108,10.060956474828954,0,0,0,445.2882067626696,25
6744,0.09106918917795344,-0.06913505358938217,10.518168341891563,0,0,0,447.71245092802377,25
6777,0.03925081778491102,0.003891191860245791,9.532581525163353,0,0,0,449.30427845328734,25
6811,0.07007132273597474,-0.07177878554235048,9.112932366842397,0,0,0,449.0028090338285,25
6844,-0.009720940770073657,0.062066002457378325,8.376075734014952,0,0,0,449.85734745315347,25
6878,-0.13556709280123572,-0.06670199832156001,9.908997845745334,0,0,0,450.6082020840146,25
6911,0.09522513756532888,0.02347900568922008,10.25670331991791,0,0,0,451.4705152251347,25
6944,-0.028858426768485265,-0.08332728342711414,11.070638810830818,0,0,0,450.0475083073576,25
6978,-0.03497483805099644,-0.08249126084170919,10.146328169396757,0,0,0,457.2598860708889,25
7011,-0.013158402240554305,-0.043672340745810924,10.004093728369355,0,0,0,454.45968035427984,25
7045,-0.04726090088077222,-0.0032686937524372415,9.467333393329493,0,0,0,454.6439325033379,25
7078,0.0636951397930738,0.048980551417514145,8.670928065239847,0,0,0,454.52722499048366,25
7111,0.062056565359428675,0.06418337002563838,10.526752628907431,0,0,0,455.9295706332161,25
7145,-0.1455945526821116,0.07627017698520544,10.709638448994111,0,0,0,459.123661092346,25
7178,0.03451221409330486,0.11088363155711466,9.767034958321,0,0,0,462.23985303812316,25
7212,0.008820129229841342,0.08931558326887795,10.95449032142364,0,0,0,459.58385339010374,25
7245,-0.028757976765638366,0.020076163088569986,10.05741040040624,0,0,0,460.175693286094,25
7278,0.13034644780769764,-0.027059808764675355,9.408780503212043,0,0,0,460.71824233306745,25
7312,0.00043775251620915335,-0.010914190968903557,10.068457756825529,0,0,0,463.23458274587284,25
7345,-0.161637630205354,-0.04580079169159288,9.300803917429512,0,0,0,464.6904673673414,25
7378,0.02722374378277209,0.107722914297064,9.75575129927122,0,0,0,467.02989703101355,25
7412,-0.05023719110045499,-0.19497496733876998,10.203006988266583,0,0,0,465.1367983763354,25
7445,-0.032216710781985174,-0.11718175929594712,10.077822680215696,0,0,0,469.3744586239026,25
7479,-0.06159837208999498,0.13026870674998428,9.59608592872665,0,0,0,467.31584828837947,25
7512,0.12134930613541904,-0.022979382120932913,9.540966019892851,0,0,0,468.7431053448653,25
7545,0.06707931416761484,0.2080042757268703,11.01873281247726,0,0,0,468.14935136421127,25
7579,-0.08521839469709135,-0.030244436566331346,9.010507290737634,0,0,0,470.51964577196026,25
7612,0.030383911764570753,-0.03455055395683402,9.31794996042897,0,0,0,469.9256640535863,25
7646,0.016580147556277892,-0.03395887381945985,10.965004902962054,0,0,0,471.48392394824856,25
7679,-0.09823320805440894,-0.08680909595863558,9.890677743133883,0,0,0,472.76934018348146,25
7712,-0.15577295990690757,-0.013500470603216656,10.709771425565128,0,0,0,472.52204494130115,25
7746,0.1149763075406993,0.01776873353887988,10.797812920847978,0,0,0,475.09726152315903,25
7779,0.005582637422388433,0.11566923859024986,10.24318184556719,0,0,0,475.1018082429159,25
7813,0.01771778952771422,0.058515546313850156,10.165206864307207,0,0,0,475.10211495200855,25
7846,-0.014613578121459274,0.011662072794304944,12.010934346382028,0,0,0,477.7845669193908,25
7879,-0.07424269726263351,0.08198258849982597,10.171370352934028,0,0,0,478.1323884722338,25
7913,0.026486431467394572,0.17103550760008698,10.893947113926984,0,0,0,477.1623394868164,25
7946,0.023634802987380472,0.15842473597189222,10.057379804714706,0,0,0,477.20563965144436,25
7979,0.09633628449939552,-0.0016435249846787831,9.857787245804515,0,0,0,481.0228749559968,25
8013,0.017119791177155848,0.21615936404877184,10.77289871894116,0,0,0,481.79073007001466,25
8046,0.05139724561797805,-0.006354247297162884,9.111478824216315,0,0,0,482.8078490157937,25
8080,0.008391334798059027,-0.06451759834257426,9.455900569441619,0,0,0,484.19184287603554,25
8113,0.20898300192919425,-0.117009591005795,9.495349616394206,0,0,0,482.9192031719222,25
8146,-0.1708872473953569,0.13642761495461295,8.65261714040376,0,0,0,480.98735579070694,25
8180,0.07671844257712196,0.08702012722096315,9.990955856384016,0,0,0,483.68731436500036,25
8213,0.08040062013122068,0.062289207150757635,10.247776156148944,0,0,0,483.5287115287815,25
8247,-0.04011620241146737,-0.1544202598825556,8.367012284284534,0,0,0,485.15874748557263,25
8280,0.11139022828856951,0.2076395017294814,10.163907132320478,0,0,0,483.5628298100036,25
8313,0.010433127885207543,-0.04514027390688781,9.5290522203429,0,0,0,485.4635169757615,25
8347,0.010395814933465836,-0.04378495616484052,8.657000164673402,0,0,0,486.9133117765066,25
8380,-0.022363683964269666,-0.04204068708424035,11.487420865611094,0,0,0,484.2802366009502,25
8414,-0.0684335155051248,0.03867725483601887,9.84813316766948,0,0,0,486.58186786602886,25
8447,-0.03536106314018308,-0.0771539933998937,10.156851855841708,0,0,0,485.8548882578854,25
8480,-0.03903696682648364,-0.010467717422291302,10.66003698499377,0,0,0,488.10830637576674,25
8514,-0.053980928330582316,-0.05044381273993281,10.161306239762093,0,0,0,489.04772245598735,25
8547,-0.04261765768802668,-0.14821076975481087,11.447120946761842,0,0,0,491.9410926616172,25
8580,0.206028254000169,0.06220835551022083,10.200862032026023,0,0,0,490.11518238920826,25
8614,0.1003457996159918,0.10285317419803174,8.940646407541031,0,0,0,491.701952488892,25
8647,0.1260449545654563,-0.03530040140205157,9.981644853360088,0,0,0,493.16597211018825,25
8681,0.09971138173576033,0.01359468745173991,11.14333870936731,0,0,0,492.31165508830094,25
8714,-0.11640199194010324,-0.05886629759612022,9.293888665206268,0,0,0,490.16877036352946,25
8747,-0.07093581370539452,-0.0367210478321497,9.774665464966018,0,0,0,491.32744549732973,25
8781,0.008599595277481593,0.08810435668855703,9.150598719062081,0,0,0,491.2206481301278,25
8814,0.04889063058284595,0.09129608448119021,8.824297428961456,0,0,0,489.90321689540207,25
8848,0.1357706886999018,-0.06477034973653532,10.63045888409323,0,0,0,494.08852687052024,25
8881,-0.08235382349412018,-0.10498090992257476,9.289437429067554,0,0,0,492.32012873517397,25
8914,0.05259583128610293,0.054570864844713754,9.805912319190034,0,0,0,492.39322425609674,25
8948,0.01618240843939715,-0.007437442868119439,8.653950309413048,0,0,0,497.0283990862268,25
8981,-0.14819447787462012,-0.09335146884760166,10.081242028026047,0,0,0,495.9708604485039,25
9015,-0.030598310179597462,-0.03191211216244055,9.319092303104915,0,0,0,494.29096496326287,25
9048,0.0029227502222994644,0.10095852870067679,10.151009725778035,0,0,0,494.9992794565137,25
9081,-0.0365176569955483,0.003034470063512691,9.378417251646813,0,0,0,493.02685987993226,25
9115,0.14259550357472028,-0.001444202003983197,10.116278681250709,0,0,0,494.24783992815156,25
9148,0.10534894578735715,0.04907293682396354,9.291799286570493,0,0,0,497.86863919267347,25
9181,-0.05289560683317577,0.12212046947652547,11.404483900467755,0,0,0,494.10803352774263,25
9215,-0.01548812400755357,-0.0669532283835282,8.690025170014497,0,0,0,496.91857416850183,25
9248,-0.007230613456752584,0.13295375098940068,9.972855256020358,0,0,0,498.03370785323654,25
9282,-0.06919658177559239,-0.11496662115784301,10.68264707525921,0,0,0,498.0227675059992,25
9315,0.24768112881752,-0.020667335649270945,10.309688612714895,0,0,0,499.9044386344061,25
9348,0.11076627470678778,0.0814019335828251,9.056080791345732,0,0,0,497.6251252377503,25
9382,0.10085015846491414,0.14098038146571681,10.230688953968631,0,0,0,498.7004833155176,25
9415,-0.10762163630320512,0.015603201843281667,10.503379813738142,0,0,0,495.87227438149296,25
9449,-0.09306749021421001,-0.11127124953199768,9.522848069137002,0,0,0,500.2097915030404,25
9482,0.16081191345929072,-0.10302722125400171,11.452252047706809,0,0,0,499.0372884482688,25
9515,0.09701872171085042,0.10131711762894452,9.911461286014667,0,0,0,498.1219075077436,25
9549,-0.015358758853078273,0.006985020696812067,10.088984616204842,0,0,0,497.646009354468,25
9582,-0.04417182489932248,0.01845302307947191,9.616393824802987,0,0,0,498.2317951478733,25
9616,-0.03160889465802669,0.23984345998158343,9.139965905966047,0,0,0,498.93436502829485,25
9649,-0.10634002432616639,-0.02588310536860124,9.765150417731313,0,0,0,499.3699198531658,25
9682,-0.029636457222183867,-0.034262797553985994,10.054909129288768,0,0,0,499.87956255347336,25
9716,0.22505566511435388,-0.054623572780240354,9.185653057783917,0,0,0,498.584200672037,25
9749,-0.13436547315716255,0.011891574722475963,8.115976252328828,0,0,0,498.00357250459484,25
9782,0.03501145610163084,0.016252254243279782,9.784149496364149,0,0,0,497.640157974172,25
9816,0.06167595878196833,-0.0590290197824801,9.123843495708948,0,0,0,500.5089523403109,25
9849,-0.1685650275865052,-0.030296776160427925,8.478346482513352,0,0,0,499.93048016753687,25
9883,-0.14777493008078654,0.029215201618927867,9.529108525235767,0,0,0,501.17027670251224,25
9916,-0.0729862647294659,-0.24190649522860533,8.591184051074176,0,0,0,501.08391110994154,25
9949,-0.08303805492532795,-0.03239657071223876,9.129230502524514,0,0,0,501.42636121940967,25
9983,-0.16154325974014536,0.04150542800583195,11.169342666710468,0,0,0,501.5481170516532,25
10016,0.007224999507847964,-0.07691087082890889,11.22369540789376,0,0,0,498.84406124805133,25
10050,0.09193152639118722,-0.039349029033441264,8.92818726166132,0,0,0,498.23108027507794,25
10083,-0.12264452651676228,-0.01822652493507473,10.207863760040427,0,0,0,498.9025699588352,25
10116,-0.0806390324156886,-0.005418599048468761,10.178939730516053,0,0,0,500.4692486355219,25
10150,0.2486031450360544,0.12250403795646557,9.311521581276027,0,0,0,498.201412785186,25
10183,0.01998802141731438,-0.0035312948938820126,8.965172945606872,0,0,0,497.6790368520425,25
10217,-0.23058422420723623,-0.1190796785731185,9.951956551497966,0,0,0,499.58644400298914,25
10250,-0.038985523683457216,0.05445878260423725,10.347021787464046,0,0,0,502.7829349189571,25
10283,0.22865566605411455,0.009846246516153893,9.493729919441638,0,0,0,498.40484798293295,25
10317,-0.04566450248297011,-0.06625088798305227,9.97437656514507,0,0,0,499.3044286166523,25
10350,0.07888924517519191,0.011134508018625755,9.178060298840602,0,0,0,496.18250573949496,25
10383,-0.08688553871401279,-0.04069956216523274,10.490387776167747,0,0,0,496.82818669309614,25
10417,-0.05371598670879815,-0.0466728275185575,10.402544666919635,0,0,0,497.53648800686335,25
10450,0.016931418985079823,0.06806588100341028,10.82820225063155,0,0,0,498.5671098542705,25
10484,0.039197596602346195,-0.016403919558777607,10.10186769448686,0,0,0,498.2370551717554,25
10517,-0.14708822729009483,0.01266849542122691,10.951535201765497,0,0,0,499.2462540543182,25
10550,0.042478973209817576,-0.0020757845307615304,9.616210195815523,0,0,0,497.15678100117884,25
10584,0.0868923172263631,0.01342993753276693,10.291735366143028,0,0,0,495.7915576919042,25
10617,-0.1241794087098953,0.03568082008762208,10.465714198823497,0,0,0,498.4101818326562,25
10651,-0.10439085142099565,-0.11979822525899063,9.75459535411438,0,0,0,495.6822096854327,25
10684,0.007595539507827611,-0.007081879456697412,9.439091001371743,0,0,0,498.3786737510323,25
10717,-0.09823942135466018,0.05609318092125487,9.699201057092823,0,0,0,494.9417696422597,25
10751,-0.16513109423055916,0.04570479961695998,9.453489030750074,0,0,0,499.0752766307105,25
10784,-0.04275337308241159,-0.09916445452547505,9.707995522860287,0,0,0,498.7337223837224,25
10818,0.014732836684388415,-0.020959395939740135,8.97524925357039,0,0,0,495.4598669828638,25
10851,-0.13660681338988798,0.13295750304430665,10.44907649599226,0,0,0,495.70567540345115,25
10884,0.09155402510505385,-0.056721620716717214,10.323489149694625,0,0,0,494.53844011989617,25
10918,-0.017385687509412953,-0.05935068134516224,10.343865051012292,0,0,0,497.53247950394694,25
10951,0.0001437751423013576,0.04932083230318844,11.448960728560568,0,0,0,495.8374754767358,25
10984,-0.037446561274043604,-0.028489222259456184,9.370943630627169,0,0,0,495.5599026558996,25
11018,-0.010169820495794972,0.04408671953622504,10.379350494155533,0,0,0,492.91855505931863,25
11051,0.08992108033018804,0.2104416448974464,10.364741824143968,0,0,0,494.13047025618846,25
11085,-0.06076123010838396,0.13316998764006965,8.99458264410909,0,0,0,496.95047176643266,25
11118,-0.15064515035583503,-0.23713100205255935,10.366784225848708,0,0,0,494.4651002009711,25
11151,0.06548232660727599,-0.09038868184076684,9.14941385371431,0,0,0,491.69698755046267,25
11185,-0.15433091373699007,-0.0013600269508497452,8.94003036354201,0,0,0,493.0184709026346,25
11218,-0.02649581974742504,0.15492679353887015,9.74314089462638,0,0,0,492.4075888282906,25
11252,-0.22081350663983393,0.08236720397498368,10.367365418202105,0,0,0,491.57100548063477,25
11285,0.08011316747886826,-0.06775749000972192,9.91772560357969,0,0,0,491.9226350284391,25
11318,-0.07451411736966317,-0.039896268149633325,10.337288583005913,0,0,0,492.3327065526311,25
11352,0.12259626893481053,0.13571298764939485,10.181873414260082,0,0,0,490.78646110672025,25
11385,0.05790400716468785,-0.01301847639619992,10.990693422594344,0,0,0,490.2686689463282,25
11419,0.08778219297075948,-0.15051763962945255,11.144795761399129,0,0,0,491.25791725724827,25
11452,-0.0886314271485704,0.14829685345335128,9.53516048799288,0,0,0,487.77355435295016,25
11485,-0.029092791929450725,-0.09061553488510632,10.716077518834856,0,0,0,489.71220472157495,25
11519,0.01286953224319183,0.08254496176311882,9.660109287688135,0,0,0,490.10491192799645,25
11552,-0.08081274931491719,0.1728862336375483,10.241075646462475,0,0,0,488.6001449087821,25
11585,-0.10287825155490521,-0.05391110460272042,9.49354447547631,0,0,0,487.1870510545856,25
11619,0.023179324397774773,0.00025902341676387416,11.4245947969705,0,0,0,485.96758191027703,25
11652,0.0776746086331147,0.030857695319084156,9.418878879819987,0,0,0,486.97627931908033,25
11686,0.1368450633219548,-0.027258820356260052,9.350163359858508,0,0,0,486.0858761298117,25
11719,-0.045966209039697045,0.08891722060945562,10.55827417828772,0,0,0,484.19686258942085,25
11752,-0.02183185962117111,-0.0168765672708568,9.131758692259726,0,0,0,482.70785102339744,25
11786,-0.15856255657657817,4.94187986611968e-05,10.75675936775401,0,0,0,481.392256204801,25
11819,-0.053776771633000056,-0.03387845086731294,10.444787471465217,0,0,0,482.1345380789026,25
11853,-0.04660298496017893,0.1642145528187038,10.143745986867954,0,0,0,482.72426888689216,25
11886,0.00640718578478621,0.07453628270384213,9.142006144104624,0,0,0,480.9744342751795,25
11919,0.024267280660499102,0.09663791636261468,9.12122703350169,0,0,0,480.3764059569948,25
11953,-0.06762839465418251,0.011363216684437441,10.00503881407928,0,0,0,480.29025920797216,25
11986,-0.038701407890447646,-0.12448288863056421,8.71408791635328,0,0,0,479.14220839734907,25
12020,-0.15622945218218662,-0.0013060054139043718,8.58331196063612,0,0,0,480.29665542083546,25
12053,-0.11237769202998085,0.0011883858882541251,8.055776485373693,0,0,0,478.84563342730075,25
12086,0.10301187218685903,-0.02522725486754375,8.803226949339912,0,0,0,479.07119196189916,25
12120,0.10913514578732025,-0.06233386141092756,11.157073627962838,0,0,0,478.93642403608766,25
12153,0.09212142451355579,0.028701291106652357,10.62364097575721,0,0,0,475.4023380488188,25
12186,0.2572474546391459,0.0052414789897460914,10.80113598407197,0,0,0,475.9751553191433,25
12220,0.09781280191920685,-0.04887989335593429,9.819744534782034,0,0,0,474.49165122178846,25
12253,-0.1172711808608467,0.06424043329128261,9.86712715684792,0,0,0,474.2052932051657,25
12287,0.15122234980604654,-0.01574157205950019,11.132943559872768,0,0,0,472.96954468249766,25
12320,0.047832950973222536,-0.21237906002538642,9.94990904754406,0,0,0,473.6789750345146,25
12353,0.05414305264806553,-0.0279102181039333,9.163919796028287,0,0,0,471.46522081681496,25
12387,-0.15390242996547657,0.1912004377062583,10.80259902906213,0,0,0,468.11841276986576,25
12420,-0.20130725708648753,-0.18184183743141658,9.83902105610743,0,0,0,472.30721376971195,25
12454,-0.15380326783058776,-0.035196267141812475,9.906152252881974,0,0,0,469.8169487769038,25
12487,-0.10385853603011269,-0.029393782622026993,9.09095382935103,0,0,0,470.90557403154406,25
12520,0.05452859135438191,0.19062649212206764,10.561688347023093,0,0,0,468.80099510582863,25
12554,0.13410641985409896,-0.02688212947322199,9.432249573719758,0,0,0,469.3302575718917,25
12587,0.18768904312141863,0.05079176942272234,8.63439832341453,0,0,0,465.9075293497714,25
12621,-0.08487901627679896,-0.1760557810769916,9.704853079979765,0,0,0,468.19619995516194,25
12654,-0.006071067235783007,0.02989732293424399,9.49977650689307,0,0,0,466.48902523541636,25
12687,-0.08530610644166066,0.0396406288923463,10.952779192489439,0,0,0,463.2678812648466,25
12721,-0.007995063927450962,0.11722966891335623,9.051257475292552,0,0,0,463.11608720921544,25
12754,0.17567458217377752,0.2205127584549168,9.820172756068521,0,0,0,459.4382979034065,25
12787,0.0418017445770694,0.05049607617364659,9.36531093572574,0,0,0,462.47018092501696,25
12821,0.03929186791784478,0.10377367721932161,10.852111600674286,0,0,0,459.65391819744684,25
12854,0.1906173378958426,0.08883448073349834,10.058479161534313,0,0,0,459.78427593144926,25
12888,0.04004354987638049,0.031993485030204154,10.340211525466191,0,0,0,456.8160417840886,25
12921,-0.05772654502977011,-0.0039028754596259034,10.325984273458847,0,0,0,459.8546141946313,25
12954,0.13009872340849934,0.03715834844986501,10.049596906546885,0,0,0,455.55830770750134,25
12988,-0.008877242878154385,0.08671755495272565,9.91952194714739,0,0,0,457.2821341771892,25
13021,-0.2453149912572377,0.25256202192613914,9.220101659932123,0,0,0,452.36814190883143,25
13055,-0.06671858912640412,0.08894709488338498,10.480263405093341,0,0,0,451.99695910768025,25
13088,0.06539613815853494,-0.33544508995433464,8.844648198353006,0,0,0,451.8807831510682,25
13121,-0.14385457548777678,0.10183193615160704,8.808625481844082,0,0,0,452.31743488299884,25
13155,0.03052639433985276,0.057650712903410554,9.298147450055113,0,0,0,451.344898163091,25
13188,-0.22280692847713315,-0.2688549593722992,10.373021403722621,0,0,0,448.4628345185189,25
13222,0.010125560495676995,-0.02273198435640048,9.969116366131123,0,0,0,446.3517461851811,25
13255,-0.08646356450483064,-0.18220677661853424,10.624372423580551,0,0,0,447.82157150432795,25
13288,0.06440613853882278,0.06627330607451797,9.283593315819825,0,0,0,445.45306523340764,25
13322,-0.021098274152523078,-0.12734654624129257,8.8827392507213,0,0,0,444.346684767247,25
13355,-0.07205387683656116,-0.10060939761927362,9.548578933652333,0,0,0,442.5761495876972,25
13388,-0.09943638107231693,0.1691219414582946,8.861552428630743,0,0,0,442.18270756201036,25
13422,0.14157474381785698,0.039550808013362415,10.759723785342592,0,0,0,441.1680686693879,25
13455,-0.1531867099281102,0.027455396411601746,11.174465089035719,0,0,0,440.73012930281595,25
13489,-0.05491453366334759,-0.1298161737871754,11.099347000855918,0,0,0,437.26439326446024,25
13522,-0.007440932367553337,-0.12603337300331977,10.021928140173976,0,0,0,439.6027934555248,25
13555,0.050755114149969055,-0.006456365064042995,9.137045129883889,0,0,0,436.2542029941817,25
13589,-0.018948901920784453,0.031242793977088474,9.36691536383474,0,0,0,435.8238919254802,25
13622,-0.06228746756707715,0.07590096477431219,9.871188244914302,0,0,0,433.9754877572059,25
13656,-0.07911876038567121,-0.017307854616680492,9.008434406861998,0,0,0,432.9555738024331,25
13689,0.1459867862539674,0.008503454935417832,9.884707939167443,0,0,0,431.6444274735499,25
13722,-0.0561670580589744,-0.09348477320767146,10.108332233433618,0,0,0,429.9458914339088,25
13756,0.028805200830045688,0.21726489781318278,10.240989233092455,0,0,0,433.31268932621094,25
13789,-0.1382273977011078,-0.14846379912856575,10.286190298473462,0,0,0,428.3583953635629,25
13823,-0.004291122866780596,0.017838641149279823,8.45997598726398,0,0,0,426.0017156640525,25
13856,-0.10136559578460012,-0.0854517388336089,10.697609278846677,0,0,0,427.28269136944,25
13889,0.1671506641998936,-0.038648236360611,7.779167314503903,0,0,0,422.87134772271116,25
13923,-0.038775358057088066,-0.021205228601658303,9.953078554096338,0,0,0,423.85126637661057,25
13956,0.024820441710183334,-0.2860610293132896,9.043487415232702,0,0,0,421.46502758821475,25
13989,0.11490574031056733,-0.13310352083383564,10.124529157950263,0,0,0,421.04289259813413,25
14023,0.012274696685606214,0.07345843473786942,8.774903446095728,0,0,0,419.3396210699241,25
14056,-0.0512584511184983,0.008674250270213712,9.61126072020472,0,0,0,418.17075518701415,25
14090,0.09701954941127838,0.09647449897367431,9.386290295431493,0,0,0,416.1515033802819,25
14123,0.029566838817133664,-0.07982689684108812,11.150900295297909,0,0,0,413.6173419950985,25
14156,-0.05901829407089087,-0.10806275866114319,7.738282874304959,0,0,0,414.29301608028953,25
14190,-0.1703333533885771,-0.031566162048332125,9.304347921836257,0,0,0,413.89694921456874,25
14223,-0.1759174026423871,-0.04477798719472517,8.653721542276083,0,0,0,410.70337711786857,25
14257,0.04667029359919423,-0.08409994179956769,9.599779588889557,0,0,0,410.29763293745214,25
14290,-0.06574895780706234,-0.006285926641269085,10.40313351125373,0,0,0,407.75198501055274,25
14323,-0.019817926193371384,0.13950428218997143,11.575325927953438,0,0,0,405.62071740360204,25
14357,0.061406167336791884,0.09023316893377514,11.239500945172662,0,0,0,406.4422969529208,25
14390,-0.05676717832961209,0.07955452655966899,9.713864033600785,0,0,0,404.31822082593357,25
14424,-0.19064073021280237,-0.14311363380979633,9.699414667533121,0,0,0,400.6374011728618,25
14457,0.07254700073136582,0.03294601043908686,10.571053328164178,0,0,0,395.7360128707503,25
14490,0.1153389852194685,-0.10171925060028111,9.95095673069971,0,0,0,399.94593300233305,25
14524,0.07778139879139527,0.14342941948480034,11.349442642889581,0,0,0,398.78723281631085,25
14557,0.0878395756361358,-0.1620774124113944,9.914201786292434,0,0,0,394.9639016654902,25
14590,0.0030644644447561493,0.031427356101043066,9.951300248504086,0,0,0,395.99838586487306,25
14624,-0.04035703449037809,0.13475936284211057,10.390809398648411,0,0,0,390.8229957578823,25
14657,-0.08224310653021978,0.130879846060942,10.476746424364425,0,0,0,392.2333633605263,25
14691,-0.07320388692582856,-0.03583265575117316,9.697190273197037,0,0,0,386.89626188616637,25
14724,0.02059498937281008,-0.01379723744459174,10.245209739890031,0,0,0,387.91877179143586,25
14757,-0.01514803772383732,-0.16684616276765918,8.393788869319827,0,0,0,388.05512119817746,25
14791,0.09490312477059465,-0.054329917199220104,9.804537112576917,0,0,0,385.37243499627175,25
14824,0.08450604765795817,0.1371658758491304,10.175073464816592,0,0,0,384.5013187873638,25
14858,0.0338453788621268,-0.03146529159183934,10.473148385807455,0,0,0,381.52198431831874,25
14891,-0.1303768333677998,-0.031194767555518067,9.225625120732875,0,0,0,379.70808764803354,25
14924,-0.10189894992879506,-0.11468992794615399,10.002734628209058,0,0,0,378.02820568024225,25
14958,-0.08333279999491493,-0.005248365259297287,10.019946228193058,0,0,0,377.88447119891106,25
14991,-0.055552652819793095,0.043229287356423785,9.771039011426694,0,0,0,374.6084638610684,25
15025,-0.094242045071926,0.014233727710286123,9.920539183596363,0,0,0,372.64490694167097,25
15058,0.1105628598049313,-0.03917036813217972,10.367928517623508,0,0,0,371.31248562266035,25
15091,0.0912704498191573,-0.22481545746756804,10.410564090490682,0,0,0,367.23633116066446,25
15125,-0.018717521468726676,0.19937150829709813,9.362047166713703,0,0,0,365.1178105726889,25
15158,-0.04305726238788866,-0.32577373501729184,8.447146466998515,0,0,0,366.9789184131233,25
15191,0.11631414251868125,0.20248151211142568,9.873214994120818,0,0,0,362.75893511942724,25
15225,-0.07991445981378198,0.04778873590139541,10.460244828937705,0,0,0,362.8101450472899,25
15258,-0.04422957605050206,-0.0392447459484233,8.582735103582182,0,0,0,363.5495279971143,25
15292,0.07327276330859432,0.14759869934874031,10.406118090304826,0,0,0,360.6288252599956,25
15325,-0.1046420185898746,0.034561477533969785,10.732370524580201,0,0,0,358.4960270996832,25
15358,0.11196643047424684,-0.06772406814550568,9.602226724028215,0,0,0,356.460936861982,25
15392,-0.05992038236179392,-0.21617598416787343,10.719115100862794,0,0,0,354.6179037517424,25
15425,-0.103042834816547,0.0863553984639111,10.779095559346299,0,0,0,352.27147423100746,25
15459,0.1669933054335746,0.09108843370778352,9.403299426404617,0,0,0,353.572704104865,25
15492,0.05956747563611477,-0.06609079571675881,9.646290888652322,0,0,0,348.3939329806077,25
15525,-0.1018371858870315,0.045083806582058024,10.860935270893183,0,0,0,346.4999142529661,25
15559,0.010834794128167341,-0.0698268070223633,10.452679287221837,0,0,0,342.4126873475973,25
15592,-0.10967458259767887,-0.06264232836637487,8.826578577367833,0,0,0,342.20050735913355,25
15626,-0.033525407736408254,0.0873905765789793,9.26261956169792,0,0,0,340.5969242676652,25
15659,-0.04506184431553418,0.11275748989119808,7.227081462546433,0,0,0,338.8978672486596,25
15692,-0.04688675591251525,-0.005261924812266543,9.998637286927192,0,0,0,338.39775515143435,25
15726,0.01096298957476258,0.11585788421193666,9.855369380723523,0,0,0,335.3143197882262,25
15759,0.15113903254980865,0.01570791138530993,9.594279960671352,0,0,0,333.1439658413963,25
15792,-0.052793899973252845,0.017592830933302755,9.513836377933796,0,0,0,331.59875174434416,25
15826,0.06702112959564892,0.022879819497069,10.344828339066883,0,0,0,330.1165927104341,25
15859,-0.15308484134717396,0.05759263537090831,9.759422069991764,0,0,0,330.8493355780346,25
15893,-0.08137319959117427,0.1333647717251742,10.24280083013689,0,0,0,325.4111245812362,25
15926,-0.10831544598952365,0.0551375715862835,9.551887305509718,0,0,0,325.0760963384548,25
15959,0.046747720216740146,-0.10745181282052206,9.129621604387815,0,0,0,319.9353709136379,25
15993,0.08559218194091844,0.024029125044846323,11.110314575377128,0,0,0,320.4520692820128,25
16026,0.11067937582197387,0.012719232553860135,11.260144481152567,0,0,0,316.74159049353347,25
16060,0.017203398157486557,0.042433095510010725,10.410399593473798,0,0,0,314.9555789005011,25
16093,-0.005720090683205307,-0.0659268416201479,9.361250769438032,0,0,0,315.1696035574154,25
16126,0.04915676006587128,0.03268206517045646,9.515973121045967,0,0,0,312.56665332334774,25
16160,0.13641879429976395,0.11507933770686377,9.126506841108089,0,0,0,311.21726495806263,25
16193,0.1064503870245575,0.11774714514698187,10.000030829840721,0,0,0,309.4507410162121,25
16227,-0.0011971176019844897,0.016734488574149244,9.225965260327357,0,0,0,305.33052122739343,25
16260,0.00734578730594135,-0.023272602735234498,9.908345313020956,0,0,0,303.87805348019407,25
16293,-0.05135902855097362,-0.08846885710648394,10.261537746860546,0,0,0,302.43804482274896,25
16327,0.031873040187126785,-0.17477695117151204,8.656772057460875,0,0,0,299.67260074336224,25
16360,-0.12319620356254478,0.10129900264014302,9.951377562087709,0,0,0,297.7194517240173,25
16393,-0.053985047636080155,-0.09133074931463941,8.66275423088171,0,0,0,296.19330494311976,25
16427,-0.013616546584231488,0.11167417242569683,10.077023915274786,0,0,0,293.82146267289534,25
16460,0.015593612096189875,0.04646306938043194,10.303860433650454,0,0,0,289.46395151030976,25
16494,-0.014917055380955927,-0.07427161790100137,9.556588402746081,0,0,0,286.81555756020055,25
16527,0.04148840393636074,-0.13240712757062928,9.468256337850276,0,0,0,288.3225438026017,25
16560,-0.002215798470526491,-0.25601074811270513,10.34471364209178,0,0,0,287.594777022889,25
16594,0.18733166619398395,-0.16926046325555144,9.060932370534868,0,0,0,282.1262307543658,25
16627,-0.15182888676305079,0.011722103937315709,9.935290028316647,0,0,0,280.7280310713622,25
16661,-0.030429643150076992,-0.09177842347877666,8.3634724546,0,0,0,279.1397947387778,25
16694,-0.09283154957167082,0.09301827026794696,9.164107905071345,0,0,0,274.7815555980338,25
16727,-0.064946818794873,-0.15453921769965062,10.646925988182593,0,0,0,273.7211749969716,25
16761,-0.1973815540054548,0.1199987911156316,8.603957637368097,0,0,0,269.8790464418189,25
16794,0.0009502630134493741,-0.028407741476339662,9.120898800607304,0,0,0,270.1519172571625,25
16828,0.09019442883756935,-0.32009013668048425,8.654855758225168,0,0,0,267.1628719840823,25
16861,0.022051686277504357,-0.03108376840289064,9.769375560643468,0,0,0,262.9890215514575,25
16894,0.02350953460541591,-0.16492674444911634,10.098430851852294,0,0,0,261.7687370321099,25
16928,-0.22327426484752297,0.09158772692074918,7.293689871787132,0,0,0,259.15149248601654,25
16961,0.05782572551295893,-0.17875378459879995,9.72541270296459,0,0,0,257.597831971252,25
16994,0.05658478148728729,-0.1790060795673001,9.629559714806938,0,0,0,257.7861147733795,25
17028,-0.0599941656802016,-0.13282203033125797,10.35515220412858,0,0,0,254.4231737079929,25
17061,0.014514606294404979,0.07697681058131706,10.773627497409713,0,0,0,250.414922307747,25
17095,0.01776198176312894,-0.05938757010058113,10.27583831265783,0,0,0,248.4510850212463,25
17128,-0.10219745920687329,-0.07071070824726976,9.206837567568897,0,0,0,247.4714777983032,25
17161,-0.0402314684876219,0.04286252499537293,8.79028173699989,0,0,0,242.76378535471983,25
17195,-0.1348428065544495,-0.08512873083243877,9.161276052421291,0,0,0,238.94106955396867,25
17228,0.0985320638095125,-0.21515846554141504,9.795180485844936,0,0,0,237.86469337145593,25
17262,-0.18431029949506927,-0.19187824795883834,9.157957843062972,0,0,0,234.84559159014054,25
17295,-0.026693658405716292,-0.07970669695200097,8.801205769328673,0,0,0,236.11501893669845,25
17328,0.03492925251045967,0.0006171040932185625,7.845109457408725,0,0,0,232.17624206388618,25
17362,-0.11477578666782205,0.1340580985296234,7.874941583789726,0,0,0,226.8754848268215,25
17395,0.023407551436911075,0.12770905941625685,8.959810316501446,0,0,0,226.73493645986312,25
17429,0.01349337566262163,-0.10284598074700102,11.187523483499504,0,0,0,223.56383170976832,25
17462,0.030797407004369667,-0.1402908307987735,10.630256268520446,0,0,0,220.03333850072102,25
17495,-0.13879177530352912,-0.027120575163803014,11.340524831830868,0,0,0,216.1717866724285,25
17529,-0.0402091542899909,-0.13759617352484851,9.702767249441933,0,0,0,215.67881046142466,25
17562,0.12042585786366616,-0.0779368971788889,8.677267697538815,0,0,0,217.0183781903522,25
17595,-0.01530335218079457,-0.15800629095172003,10.766879666579111,0,0,0,210.85188726710902,25
17629,-0.09425500841760337,-0.09159154959479493,10.263590088146035,0,0,0,207.23432957032904,25
17662,0.04858051451153732,-0.1727166515685182,9.490296857398468,0,0,0,207.1238470237515,25
17696,-0.06382820817420581,0.05268151990465399,9.644811996805243,0,0,0,200.15542682757535,25
17729,0.2554532271376371,-0.1180435995348213,9.665474800383233,0,0,0,200.74310083100164,25
17762,0.07569299183021883,0.029205687539187338,10.824314321276134,0,0,0,199.9624411471188,25
17796,0.04651818853993324,0.01498550806509986,9.964498090778271,0,0,0,196.73418340299986,25
17829,0.036063980880895886,-0.17256358897710877,9.454748327764499,0,0,0,197.7109134082855,25
17863,0.11735961617807729,0.010429273847632866,10.651619562134721,0,0,0,190.6331205274624,25
17896,-0.014587097173091937,-0.08953157104215496,9.989573720825023,0,0,0,186.15338931348276,25
17929,0.017784111325432006,0.2394963410915828,9.260261867995764,0,0,0,183.09259237206135,25
17963,0.03548028698720187,-0.07736587820408566,9.97630064652084,0,0,0,182.6040794620138,25
17996,0.06415191463038948,0.05959879904789819,10.82102944213965,0,0,0,179.71396457496505,25
18030,-0.16664622061592627,-0.015899125465317517,9.941563849622472,0,0,0,177.94010914107682,25
18063,-0.054127487512397536,-0.02134614021441572,9.215151504979321,0,0,0,176.2194106177385,25
18096,0.04295034289247724,-0.1772388597605768,10.303201594619438,0,0,0,172.80424673306294,25
18130,0.019570534267895155,0.07146161095946994,9.283235411252866,0,0,0,172.4585240202405,25
18163,-0.039148531850705,-0.12482977462070047,9.686098480926141,0,0,0,167.6635323877985,25
18196,-0.049694887716401154,0.054583931981247086,9.704687027356464,0,0,0,162.4834575099112,25
18230,0.016344521570311348,-0.07763200587083453,10.041098633219367,0,0,0,162.68217223717548,25
18263,0.08184390779929723,-0.00018696139102581874,9.397726914775092,0,0,0,160.1690269849862,25
18297,0.05006287955338565,-0.08567587779817239,7.530014239395016,0,0,0,155.34807097938383,25
18330,0.07613347122155657,-0.05188870888832264,10.037695548392056,0,0,0,153.61296294034184,25
18363,-0.02446129265203086,-0.10658424934573736,8.877308848511452,0,0,0,150.55484700871443,25
18397,0.12005069853499872,0.14654429529602866,10.83671420466416,0,0,0,147.17901331905855,25
18430,-0.08767218107003308,-0.04361136550617016,10.151613774648457,0,0,0,143.32364242535635,25
18464,0.0571200060236976,0.028693462036131913,9.662807368585707,0,0,0,141.4115142900563,25
18497,-0.025797706782567587,0.05457376013829798,9.859196271209857,0,0,0,138.6275912265742,25
18530,0.0643410906597692,-0.07094755442414245,10.176964587732959,0,0,0,135.30130585573337,25
18564,-0.025194811909314843,0.11953043306487568,9.809351773150418,0,0,0,132.19870358856855,25
18597,-0.1106298027607148,-0.030600405023946217,9.388898177552758,0,0,0,129.0548603805474,25
18631,0.15349377194274577,-0.02705812637981927,10.11540899259213,0,0,0,128.45345971109055,25
18664,-0.005172162863179926,-0.036104648769113575,9.178095139549407,0,0,0,127.15065663178247,25
18697,-0.1159300724797111,0.026269974791922352,10.389998328874682,0,0,0,120.80027986948333,25
18731,0.04580467832043447,-0.11377345651008058,9.052687237909295,0,0,0,118.84517602047383,25
18764,0.05556810072851758,0.015843447673084,11.519944495820235,0,0,0,115.99107332577398,25
18797,0.14677315329547705,-0.07079280330768047,9.003602760196532,0,0,0,112.5823890159455,25
18831,-0.11115784850912012,0.00706744559421765,12.072495788266032,0,0,0,109.50705706115585,25
18864,0.10962692968509552,0.11655433147216834,10.303320060567824,0,0,0,106.13229167832219,25
18898,0.027171016993423933,0.020768318057404846,9.962860732710906,0,0,0,106.02110973318639,25
18931,-0.12866393405829235,-0.0183392723528759,9.680256704155244,0,0,0,102.26274702703782,25
18964,-0.07670582130908148,0.08129616408208062,9.822354383520064,0,0,0,98.37398592908116,25
18998,0.025027442693923464,-0.041519443921230775,10.616321630037886,0,0,0,96.22004884284213,25
19031,-0.06566345294396697,0.0737517892110273,10.829182691651589,0,0,0,90.84196875252148,25
19065,0.05925320313322994,-0.06225548852902242,9.173564014888465,0,0,0,89.92116320959265,25
19098,-0.11619812784093986,-0.06180061177267193,10.078241499404559,0,0,0,85.56605914639874,25
19131,-0.033448889008062754,0.16207697403629248,9.68202899491579,0,0,0,81.62121778486024,25
19165,0.069898211246801,-0.0838943727157692,8.499608787681955,0,0,0,79.39870402471493,25
19198,0.07533360170070146,-0.021294408612571196,10.057481825876588,0,0,0,77.5607633622835,25
19232,0.17156420602518835,-0.012281336778571204,10.18917039079153,0,0,0,71.91979304558603,25
19265,-0.021523942086359667,0.031150432848317307,9.71136022698105,0,0,0,74.27653977733009,25
19298,0.023286801065304633,-0.04530088125677789,8.87058443375207,0,0,0,64.69679711063029,25
19332,-0.092155921855045,-0.05401343313878765,9.610814462405287,0,0,0,64.64601276467,25
19365,-0.01605627530081895,0.16569522881015666,9.760076898940593,0,0,0,60.28093306834971,25
19398,0.04606796408467961,0.027672145180534038,8.054893211870075,0,0,0,60.42119122432636,25
19432,0.12294382270244762,0.17849368426737056,9.60490117010056,0,0,0,54.62634565195926,25
19465,0.1723805950901152,-0.07365940633969767,10.736251853853592,0,0,0,51.47101283466364,25
19499,0.08097666966404404,-0.03963265246420773,8.837033298088858,0,0,0,49.048642728462035,25
19532,-0.05450441336941694,0.08897711079073559,9.252333207103705,0,0,0,43.97309730662129,25
19565,0.05005622669799808,-0.18434866967446156,8.657298550719721,0,0,0,44.909941662299545,25
19599,0.007328350278838588,0.061306458298902855,9.194798277916377,0,0,0,39.797892798641456,25
19632,-0.08976185657615468,-0.12418063993405307,9.241047614913523,0,0,0,33.962934569649825,25
19666,-0.02603590062606962,-0.0027162826968196107,10.987733771713051,0,0,0,31.757897811150645,25
19699,0.09507731893947792,-0.14493549330975566,10.717652734199833,0,0,0,31.344576165024638,25
19732,-0.1226399844808504,0.04858859601407004,9.66823310590672,0,0,0,27.125529478797436,25
19766,0.14284199201798686,0.01729427049711933,10.46427565066808,0,0,0,24.43167541036292,25
19799,0.06388477183523932,-0.032113359082554596,9.248645299797374,0,0,0,18.497336256723777,25
19833,-0.05028366165365287,0.07785031210521559,10.745368205481526,0,0,0,13.320475980207778,25
19866,-0.06362478925442597,0.07809500535530989,10.449497433916004,0,0,0,14.674912547074875,25
19899,-0.02459224899240933,0.026089682468827022,10.082770221650986,0,0,0,10.025308654786343,25
19933,0.08253907854035297,0.0071087760263743765,9.034121947386302,0,0,0,6.555327471259212,25
19966,0.11977707957405036,0.016759433925242952,9.410784158469703,0,0,0,2.8200660262992754,25
20000,0.024551419515986196,0.07280034348390894,11.666738020332204,0,0,0,1.807905276867864,25

